"Nom entreprise","Site web","Adresse","Telephone","Email","Siren","Siret","Effectif","Chiffre d'affaires","Département","Groupe"
"AZUR ISOLATION","https://www.qualibat.com/resultat-de-la-recherche/azur-isolation-162122","167 AVENUE LOUIS LAGRANGE, 83130 LA GARDE","0494716585","azurisolation.sarl@gmail.com","8023927870","80239278700023","6",846000,83,"71"
"FRANCE ECO LOGIS ISOLATION","https://www.qualibat.com/resultat-de-la-recherche/france-eco-logis-isolation-111190","455 AVENUE DE BRUXELLES, 83500 LA SEYNE SUR MER","0494875027","france.eco.logis83@gmail.com","8029608070","80296080700013","3",221440,83,"71"
"BMP","https://www.qualibat.com/resultat-de-la-recherche/bmp-130631","280 RUE PIERRE BORIES, 83100 TOULON","0612570018","bmp83@orange.fr","4777697800","47776978000016","8",696601,83,"71"
"PRM","https://www.qualibat.com/resultat-de-la-recherche/prm-105094","BOULEVARD DU CERCERON, 83700 ST RAPHAEL","0486796002","info@isoltoit.fr","7920792530","79207925300011","9",1260000,83,"71"
"TRAVERSA SARL","https://www.qualibat.com/resultat-de-la-recherche/traversa-sarl-182356","537 CHEMIN DE LA MAUNIERE, 83400 HYERES","0629122416","gilles.traversa@outlook.fr","3844924920","38449249200010","3",448955,83,"71"
"BIOAZUR HABITAT","https://www.qualibat.com/resultat-de-la-recherche/bioazur-habitat-174784","609 AVENUE DES LIONS POLE CAPITOU NORD, 83600 FREJUS","0494835050","frejus@isocomble.com","8401840630","84018406300021","5",422013,83,"71"
"CONSTRUCTION TRADITIONNELLE","https://www.qualibat.com/resultat-de-la-recherche/construction-traditionnelle-185794","1254 CHEMIN DE LA VERNETTE, 83110 SANARY SUR MER","0494074090","sasilvas.david@bbox.fr","5376176230","53761762300021","4",345807,83,"71"
"PRO SUD HABITAT","https://www.qualibat.com/resultat-de-la-recherche/pro-sud-habitat-89047","63 AVENUE JEAN ET PIERRE BOULET, 83140 SIX FOURS LES PLAGES","0489297160","prosudhabitat@gmail.com","5135626030","51356260300037","2",275762,83,"71"
"SOTRAP","https://www.qualibat.com/resultat-de-la-recherche/sotrap-31799","ZA DES BOUSQUETS 867 AVENUE DES BOUSQUETS, 83390 CUERS","0494486587","sarl.sotrap@wanadoo.fr","3431415290","34314152900028","9",1400000,83,"71"
"CORAIL","https://www.qualibat.com/resultat-de-la-recherche/corail-134505","1122 ROUTE DE TOULON, 83400 HYERES","0494030917","g.guichard.corail@gmail.com","8050579990","80505799900015","5",393767,83,"71"
"MAXIMUM ISOLATION","https://www.qualibat.com/resultat-de-la-recherche/maximum-isolation-180746","491 AVENUE D'ESTIENNE D'ORVES RES LE KISSLING, 83500 LA SEYNE SUR MER","0784969832","mmprorenov@outlook.fr","5231459510","52314595100035","1",2212,83,"71"
"PERADE","https://www.qualibat.com/resultat-de-la-recherche/perade-31233","590 AVENUE ALPHONSE LAVALLEE BP 222, 83089 TOULON CEDEX 9","0494008035","pe.ra.de@orange.fr","4404294620","44042946200045","9",2480000,83,"71"
"CPGH","https://www.qualibat.com/resultat-de-la-recherche/cpgh-95795","254 RUE DE LA MADELEINE, 83600 FREJUS","0494511821","cpgh@wanadoo.fr","4116440320","41164403200012","3",161322,83,"71"
"BATI TECHNIC","https://www.qualibat.com/resultat-de-la-recherche/bati-technic-97583","37 ANCIENNE ROUTE DE LA GARDE, 83210 LA FARLEDE","0494578075","batitechnic@hotmail.fr","5286987560","52869875600038","9",1060000,83,"71"
"LUQUE PASCAL","https://www.qualibat.com/resultat-de-la-recherche/luque-pascal-102273","9 BOULEVARD DES ROMARINS, 83120 SAINTE MAXIME","0494708491","pascal.luque@wanadoo.fr","3890374250","38903742500011","3",418982,83,"71"
"EUROPLAC","https://www.qualibat.com/resultat-de-la-recherche/europlac-127090","QUARTIER CAMP LAURENT RUE FRANCOIS NOEL BABEUF, 83500 LA SEYNE SUR MER","0967236877","europlac@outlook.fr","8081042930","80810429300044","7",511648,83,"71"
"ABRIBAT SUD","https://www.qualibat.com/resultat-de-la-recherche/abribat-sud-92696","IMMEUBLE LE GALAXY QUARTIER DU PLAN ROUTE DE FREJUS, 83490 LE MUY","0494479297","sallustrol76@gmail.com","5342481170","53424811700028","9",818301,83,"71"
"MK","https://www.qualibat.com/resultat-de-la-recherche/mk-156797","67, RUE DES OLIVIERS, 83130 LA GARDE","0494149000","sasmk@free.fr","7892220070","78922200700013","7",1810000,83,"71"
"AVENIR RENOV 83","https://www.qualibat.com/resultat-de-la-recherche/avenir-renov-83-181216","100 RUE LAVOISIER ZI TOULON EST BP 215, 83210 LA FARLEDE","0494318474","schroeder.ar83@gmail.com","8227844190","82278441900019","2",686616,83,"71"
"ADOBAT","https://www.qualibat.com/resultat-de-la-recherche/adobat-163161","830 BOULEVARD DE LA LIBERATION, 83490 LE MUY","0669535668","adobat.provence@gmail.com","8090160740","80901607400035","7",458428,83,"71"
"ELITE FACADES","https://www.qualibat.com/resultat-de-la-recherche/elite-facades-180937","QUARTIER DE LA BOURETTE RN 7, 83340 FLASSANS SUR ISSOLE","0674587229","elite.facades83@gmail.com","8339784970","83397849700018","7",669819,83,"71"
"GEROLIN DIDIER","https://www.qualibat.com/resultat-de-la-recherche/gerolin-didier-31220","123, AVENUE DES CINQ PONTS PARC D'ACTIVITES DU CHEMIN D'AIX, 83470 ST MAXIMIN LA STE BAUME","0494781519","entreprise@gerolin.net","3996469340","39964693400022","9",829172,83,"71"
"PCH 83","https://www.qualibat.com/resultat-de-la-recherche/pch-83-181728","125 RUE MARCELIN BERTHELOT  ZI TOULON EST, 83130 LA GARDE","0988373886","pch83000@gmail.com","8787888840","87878888400020","12",1530000,83,"71"
"ABBAOUI CHARPENTE BOIS COUVERTURE","https://www.qualibat.com/resultat-de-la-recherche/abbaoui-charpente-bois-couverture-117111","ZAC DU TILLEUL D'ALFRED MASUNAOU, 83136 GAREOULT","0494690935","contact@acbc83.com","7533492730","75334927300031","5",430000,83,"71"
"BATIMENTSUR","https://www.qualibat.com/resultat-de-la-recherche/batimentsur-152031","951 CHEMIN ALPHONSE LAVALLEE, 83210 LA FARLEDE","0483690770","batimentsur@gmail.com","8128552940","81285529400011","5",294770,83,"71"
"SP ISOLATION","https://www.qualibat.com/resultat-de-la-recherche/sp-isolation-93528","1053 VC GEORGES POMPIDOU ZI SAINT HERMENTAIRE, 83300 DRAGUIGNAN","0494761878","contact@sp-isolation.fr","5295761750","52957617500036","4",556000,83,"71"
"BATIF RENOV","https://www.qualibat.com/resultat-de-la-recherche/batif-renov-143337","321 CHEMIN DES CLAPIERS, 83220 LE PRADET","0498012270","secretariat.batif@wanadoo.fr","5323798800","53237988000026","8",996672,83,"71"
"LV BATIMENT","https://www.qualibat.com/resultat-de-la-recherche/lv-batiment-84838","639 AVENUE MARCEL PAUL, 83500 LA SEYNE SUR MER","0494928726","contact@lvgroup.fr","5175217870","51752178700039","19",3260000,83,"71"
"BATIF 83","https://www.qualibat.com/resultat-de-la-recherche/batif-83-96935","151 AVENUE ALPHONSE LAVALLEE, 83130 LA GARDE","0498012272","secretariat.batif@wanadoo.fr","7506746240","75067462400010","15",1540000,83,"71"
"F R C","https://www.qualibat.com/resultat-de-la-recherche/f-r-c-32092","51 RUE JULES BARBIER CENTRE D'AFFAIRES STANISLAS, 83700 ST RAPHAEL","0494170214","frc-paca@orange.fr","4536948950","45369489500013","6",750000,83,"71"
"ACEH 83","https://www.qualibat.com/resultat-de-la-recherche/aceh-83-119609","95 RUE D'OLLIOULES, 83140 SIX FOURS LES PLAGES","0498078864","aceh83@orange.fr","8026678080","80266780800017","20",1570000,83,"71"
"PROBAT 83","https://www.qualibat.com/resultat-de-la-recherche/probat-83-95553","219 RUE AMPERE ZAC DE GAVARY, 83260 LA CRAU","0494332950","probat83@gmail.com","7537105650","75371056500031","8",2330000,83,"71"
"ISO FACADES","https://www.qualibat.com/resultat-de-la-recherche/iso-facades-154066","CENTRE D'AFFAIRES EUROPE QUARTIER VAULLONGUE CS 10498, 83704 SAINT RAPHAEL CEDEX","0494549561","iso.facades83@gmail.com","8151659230","81516592300021","27",1830000,83,"71"
"USIBAT","https://www.qualibat.com/resultat-de-la-recherche/usibat-161750","116 CHEMIN SAINTE CHRISTINE, 83210 SOLLIES PONT","0494357128","contact@usibat.com","8197872270","81978722700019","10",804887,83,"71"
"PAMTHER SARL","https://www.qualibat.com/resultat-de-la-recherche/pamther-sarl-32019","687 AVENUE DES LIONS POLE CAPITOU NORD, 83600 FREJUS","0494952281","france.esco@pamther.fr","4140999110","41409991100193","24",2870000,83,"71"
"LES MENUISERIES DE LA VALLEE","https://www.qualibat.com/resultat-de-la-recherche/les-menuiseries-de-la-vallee-176744","50 ALLEE DES CYPRES, 83136 MEOUNES LES MONTRIEUX","0783135423","contact@lmdlv.fr","8444314780","84443147800016","4",483047,83,"71"
"GHIGO NICOLAS","https://www.qualibat.com/resultat-de-la-recherche/ghigo-nicolas-156050","62, AVENUE ALLONGUE, 83510 LORGUES","0494676054","contact@ghigo-peinture.fr","4247645870","42476458700012","13",1160000,83,"71"
"ENR SOLUTIONS","https://www.qualibat.com/resultat-de-la-recherche/enr-solutions-141692","1418 AVENUE DE DRAGUIGNAN ZI TOULON EST, 83130 LA GARDE","0483425799","contact@enr-solutions.fr","8091043830","80910438300033","9",1360000,83,"71"
"SHE SERVICE HABITAT ECO","https://www.qualibat.com/resultat-de-la-recherche/she-service-habitat-eco-151550","110 AV DE L EUROPE ZI ST HERMENTAIRE CTRE AFFAIRE STE ANN, 83300 DRAGUIGNAN","0610933247","sheco@hotmail.fr","7992970230","79929702300019","2",218362,83,"71"
"RENOVEA","https://www.qualibat.com/resultat-de-la-recherche/renovea-88262","203 AVENUE DE L'EUROPE, 83300 DRAGUIGNAN","0494768717","renovea@orange.fr","5012377470","50123774700032","14",1520000,83,"71"
"DECOBAT","https://www.qualibat.com/resultat-de-la-recherche/decobat-31538","CHEMIN GABRIEL VENTRE, 83160 LA VALETTE DU VAR","0494201090","contact@decobat.fr","3827701470","38277014700066","19",4350000,83,"71"
"PROVENCE HABITAT ENERGIE","https://www.qualibat.com/resultat-de-la-recherche/provence-habitat-energie-169877","589 AVENUE DES BOUSQUETS ZAC DES BOUSQUETS, 83390 CUERS","0689985544","cuers@isocomble.com","8315853360","83158533600025","9",827565,83,"71"
"EAB","https://www.qualibat.com/resultat-de-la-recherche/eab-181382","101 RUE LOUISETTE, 83500 LA SEYNE SUR MER","0619591765","diouloufet.eric@gmail.com","8076331020","80763310200023","1",70364,83,"71"
"RGE CONCEPT RENOVATION","https://www.qualibat.com/resultat-de-la-recherche/rge-concept-renovation-172221","669 RUE MARCEL PAGNOL BATIMENT LES BOUGAINVILLIERS G1, 83600 FREJUS","0783810663","rge.concept.renov@gmail.com","4321294430","43212944300037","4",523023,83,"71"
"GROUPE ARNOLDI 13","https://www.qualibat.com/resultat-de-la-recherche/groupe-arnoldi-13-97555","67 RUE D OLLIOULES, 83140 SIX FOURS LES PLAGES","0498006249","ag83@groupearnoldi.fr","7891924160","78919241600038","7",863825,83,"71"
"ADAMA CONSTRUCTION","https://www.qualibat.com/resultat-de-la-recherche/adama-construction-178527","18 RUE DE L'HOSPICE PORTE DROITE D EPICERIE, 83440 SEILLANS","0670940954","gabb@live.fr","5121235630","51212356300011","1",80000,83,"71"
"BRUNO RODRIGUEZ","https://www.qualibat.com/resultat-de-la-recherche/bruno-rodriguez-121481","8 RUE DES FOUGERES, 83310 COGOLIN","0494175453","bruno.platrerie@gmail.com","4493330040","44933300400033","2",238430,83,"71"
"BUREAU DE L HABITAT FRANCAIS","https://www.qualibat.com/resultat-de-la-recherche/bureau-de-l-habitat-francais-165665","433 RUE BARON DOMINIQUE LABREY, 83210 LA FARLEDE","0494316344","bhf83@orange.fr","8244941650","82449416500015","20",2650000,83,"71"
"GFC","https://www.qualibat.com/resultat-de-la-recherche/gfc-88359","59 IMPASSE KIPLING POLE MIXTE DU CAPITOU, 83600 FREJUS","0494815472","courrier@generaledefacades.com","5153914310","51539143100035","49",7200000,83,"71"
"ISOMUR","https://www.qualibat.com/resultat-de-la-recherche/isomur-142849","290 RUE PASTEUR, 83630 REGUSSE","0494766836","isomurvar@gmail.com","7980728490","79807284900010","8",550000,83,"71"
"ALTER HOME","https://www.qualibat.com/resultat-de-la-recherche/alter-home-186436","Not found","Not found","Not found","8882686790","88826867900022","Adresse : 96 IMPASSE DU SERPOLET LES ENTREPOTS DU SERPOLET N°5, 83210 L",NaN,83,"71"
"RENO'CEROS","https://www.qualibat.com/resultat-de-la-recherche/reno-ceros-94439","271, AVENUE ABRAHAM LOUIS BREGUET ZA GAVARRY , 83260 LA CRAU","0620034248","jeremydespres@renoceros.com","7535507630","75355076300027","4",497497,83,"71"
"SOCIETE D' APPLICATIONS INDUSTRIELLES","https://www.qualibat.com/resultat-de-la-recherche/societe-d-applications-industrielles-32245","13 AVENUE DES ROUTES, 83200 TOULON","0494224480","sai.toulon@gmail.com","3024200050","30242000500027","5",455092,83,"71"
"AS PRO FACADE","https://www.qualibat.com/resultat-de-la-recherche/as-pro-facade-190016","ZAC DU TILLEUL D'ALDRED LIEU-DIT MASUNAOU, 83136 GAREOULT","0494690935","contact@as-pro-facade.com","8939596920","89395969200011","4",NaN,83,"71"
"ISOL SUD EST","https://www.qualibat.com/resultat-de-la-recherche/isol-sud-est-31931","QUARTIER LA GIRAUDE RN 7, 83550 VIDAUBAN","0494997470","contact@isolsudest.fr","4211276710","42112767100020","30",5310000,83,"71"
"BRANCO MARQUES","https://www.qualibat.com/resultat-de-la-recherche/branco-marques-129323","ZA DU GOURBENET LOT N° 18 BP 90, 83420 LA CROIX VALMER","0494543319","sarl.branco.marques@gmail.com","4153034940","41530349400017","12",982572,83,"71"
"ISOLAT SUD","https://www.qualibat.com/resultat-de-la-recherche/isolat-sud-164620","1125 CHEMIN DE LA CHABOTTE QUARTIER ESCROY, 83460 LES ARCS","0493203074","isolatsud@hotmail.fr","5329274150","53292741500044","4",504356,83,"71"
"BMB","https://www.qualibat.com/resultat-de-la-recherche/bmb-129492","15 RUE DES INVENTIONS ZA DU CAMP FERRAT, 83120 STE MAXIME","0494964141","elody@bmb-mugnier.com","5312875140","53128751400024","14",3470000,83,"71"
"LES MACONS DU DEVOIR","https://www.qualibat.com/resultat-de-la-recherche/les-macons-du-devoir-96035","QUARTIER LES 4 CHEMINS RN 7, 83340 FLASSANS SUR ISSOLE","0608706992","sarllmd@yahoo.fr","5197784270","51977842700020","3",437915,83,"71"
"GABY","https://www.qualibat.com/resultat-de-la-recherche/gaby-86641","TAMAGNON 3060 CHEMIN LONG, 83260 LA CRAU","0494661118","gaby83260@orange.fr","4119515690","41195156900028","18",659962,83,"71"
"LES ISOLEURS","https://www.qualibat.com/resultat-de-la-recherche/les-isoleurs-184701","305 IMPASSE PIERRE FLORY, 83160 LA VALETTE DU VAR","0489519073","contact@lesisoleurs.fr","8845047620","88450476200011","3",NaN,83,"71"
"TOMASSO","https://www.qualibat.com/resultat-de-la-recherche/tomasso-136227","56 BOULEVARD DE STALINGRAD, 83500 LA SEYNE SUR MER","0494942468","jeanmarc.tomasso@wanadoo.fr","4106131860","41061318600031","5",575890,83,"71"
"BATI SUR","https://www.qualibat.com/resultat-de-la-recherche/bati-sur-103697","170 RUE GILLES DE GENNES, 83210 LA FARLEDE","0483690380","batisur83@gmail.com","7951875580","79518755800031","10",922085,83,"71"
"ELYTE","https://www.qualibat.com/resultat-de-la-recherche/elyte-97528","112 RUE DU DOCTEUR GUERIN BP 528 ZI TOULON EST, 83078 TOULON CEDEX 9","0494756933","h.tech@orange.fr","5040729270","50407292700024","23",1900000,83,"71"
"RENOV HABITATION 83","https://www.qualibat.com/resultat-de-la-recherche/renov-habitation-83-128835","ENTREPRISE DILIBERTO 76 RUE DU GENERAL MAURICE DAVID, 83100 TOULON","0665660690","media32@free.fr","7952353240","79523532400014","1",195000,83,"71"
"PACA CHARPENTE","https://www.qualibat.com/resultat-de-la-recherche/paca-charpente-177704","5 RUE PICOT, 83000 TOULON","0659691461","paca_charpente@hotmail.fr","8351942910","83519429100018","2",69740,83,"71"
"BOISSUR SUD TOITURE","https://www.qualibat.com/resultat-de-la-recherche/boissur-sud-toiture-176552","ROUTE DE ROQUEBRUNE CD 7 LE REYDISSART, 83370 ST AYGULF","0494445656","contact@boissur.com","8314041240","83140412400024","9",832422,83,"71"
"ROCHEREAU BOIS ET CHARPENTE","https://www.qualibat.com/resultat-de-la-recherche/rochereau-bois-et-charpente-134827","1359 CHEMIN DE TERRE ROUGE, 83200 TOULON","0622893376","charpenterbc@yahoo.fr","5394759390","53947593900028","6",1010000,83,"71"
"FRANCE HABITAT 83","https://www.qualibat.com/resultat-de-la-recherche/france-habitat-83-90722","40 AVENUE DE BRUXELLES ZE JEAN MONNET, 83500 LA SEYNE SUR MER","0494159281","s.hoan@francehabitat83.fr","4995030680","49950306800011","7",514069,83,"71"
"ENOLA","https://www.qualibat.com/resultat-de-la-recherche/enola-145638","ZAC DES FERRIERES 31 RUE DU LIEGE, 83490 LE MUY","0494851154","secretariat@enola83.fr","5122136460","51221364600023","9",721905,83,"71"